flow_id,affected_asset,attack_probability,severity_label,segment,mitre_technique
NF-20260310-D2C6D643,WS-BTW-009,1.0,CRITICAL,SWIFT,T0000
NF-20251225-75E3C537,ATM-LTP-008,1.0,CRITICAL,SWIFT,T0000
,WS-BTW-001,1.0,CRITICAL,SWIFT,
,ATM-KTM-014,1.0,CRITICAL,SWIFT,
NF-20250131-251F1AFD,ATM-PKR-019,1.0,CRITICAL,SWIFT,T0000
NF-20250118-A1140491,SWIFT-GW-02,1.0,CRITICAL,SWIFT,T0000
NF-20250914-E5D280B3,ATM-PKR-006,1.0,CRITICAL,SWIFT,T0000
NF-20260116-EF563D16,ATM-PKR-005,1.0,CRITICAL,SWIFT,T0000
NF-20250815-23B9399C,SWIFT-GW-03,1.0,CRITICAL,SWIFT,T0000
NF-20260410-56353069,WS-BTW-036,1.0,CRITICAL,SWIFT,T0000
NF-20251211-73A10E3D,WS-PKR-011,1.0,CRITICAL,SWIFT,T0000
NF-20250317-8323DFFF,SWIFT-GW-01,1.0,CRITICAL,SWIFT,T0000
,WS-BTW-013,1.0,CRITICAL,SWIFT,
NF-20250417-824F3104,WS-BTW-049,1.0,CRITICAL,SWIFT,T0000
NF-20260519-520D1570,WS-PKR-023,1.0,CRITICAL,SWIFT,T0000
NF-20251126-70F1F50A,WS-BTW-004,1.0,CRITICAL,SWIFT,T0000
NF-20260423-9AA2DD6D,WS-KTM-001,1.0,CRITICAL,SWIFT,T0000
,ATM-KTM-005,1.0,CRITICAL,SWIFT,
NF-20251128-B313C4E0,WS-PKR-024,1.0,CRITICAL,SWIFT,T0000
NF-20260526-8D27F3F6,WS-KTM-002,1.0,CRITICAL,SWIFT,T0000
NF-20250421-58867BCA,ATM-KTM-003,1.0,CRITICAL,SWIFT,T0000
NF-20250102-43012C98,ATM-BTW-015,1.0,CRITICAL,SWIFT,T0000
NF-20260124-8EA41CF9,WS-PKR-031,1.0,CRITICAL,SWIFT,T0000
NF-20250816-7DD273FC,WS-BTW-002,1.0,CRITICAL,SWIFT,T0000
NF-20250623-E7A1BFE8,WS-PKR-037,1.0,CRITICAL,SWIFT,T0000
NF-20250708-C6A8C180,WS-BTW-030,1.0,CRITICAL,SWIFT,T0000
NF-20251105-D653F621,SRV-APP-04,1.0,CRITICAL,SWIFT,T0000
NF-20250418-205C57DA,WS-KTM-050,1.0,CRITICAL,SWIFT,T0000
NF-20250907-2DC1EB11,WS-BTW-003,1.0,CRITICAL,SWIFT,T0000
NF-20260503-9B43841F,WS-BTW-047,1.0,CRITICAL,SWIFT,T0000
NF-20250828-481ACD55,WS-PKR-045,1.0,CRITICAL,SWIFT,T0000
NF-20250319-702B5A6F,WS-BTW-048,1.0,CRITICAL,SWIFT,T0000
NF-20251008-7DC3363E,ATM-BTW-010,1.0,CRITICAL,SWIFT,T0000
NF-20260123-880C7DC1,ATM-LTP-012,1.0,CRITICAL,SWIFT,T0000
NF-20250730-A19E706B,WS-PKR-022,1.0,CRITICAL,SWIFT,T0000
NF-20250304-AFD4B144,WS-KTM-018,1.0,CRITICAL,SWIFT,T0000
NF-20250318-87E14B68,WS-PKR-040,1.0,CRITICAL,SWIFT,T0000
NF-20250805-D5B5D89F,ATM-PKR-017,1.0,CRITICAL,SWIFT,T0000
NF-20250519-E542B5E4,WS-PKR-013,1.0,CRITICAL,SWIFT,T0000
NF-20260313-CB382E09,WS-KTM-040,1.0,CRITICAL,SWIFT,T0000
NF-20260306-1E1ED5A0,ATM-LTP-011,1.0,CRITICAL,SWIFT,T0000
NF-20250614-8E8F3DC7,SRV-SQL-05,1.0,CRITICAL,SWIFT,T0000
NF-20260411-54005D39,SRV-FILE-02,1.0,CRITICAL,SWIFT,T0000
NF-20250515-EBA3F059,SRV-SQL-03,1.0,CRITICAL,SWIFT,T0000
,SRV-APP-03,1.0,CRITICAL,SWIFT,
NF-20260504-B75B9832,WS-BTW-046,1.0,CRITICAL,SWIFT,T0000
,ATM-KTM-001,1.0,CRITICAL,SWIFT,
NF-20260131-A736CC8F,WS-PKR-034,1.0,CRITICAL,SWIFT,T0000
NF-20260324-F5425A1E,WS-PKR-015,1.0,CRITICAL,SWIFT,T0000
NF-20251126-A38FC5A9,WS-BTW-010,1.0,CRITICAL,SWIFT,T0000
NF-20260522-C1D5A710,WS-PKR-026,1.0,CRITICAL,SWIFT,T0000
NF-20250507-D0F42900,ATM-PKR-003,1.0,CRITICAL,SWIFT,T0000
NF-20250418-A3DC39F8,ATM-LTP-009,1.0,CRITICAL,SWIFT,T0000
NF-20260329-9E4E66D8,ATM-BTW-008,1.0,CRITICAL,SWIFT,T0000
NF-20260103-1E8BD372,ATM-PKR-020,1.0,CRITICAL,SWIFT,T0000
NF-20250913-1A8150A1,WS-PKR-030,1.0,CRITICAL,SWIFT,T0000
NF-20251004-0B20429D,WS-KTM-028,1.0,CRITICAL,SWIFT,T0000
NF-20250613-9E5CB4C6,ATM-PKR-011,1.0,CRITICAL,SWIFT,T0000
NF-20250511-344EE5DA,WS-KTM-041,1.0,CRITICAL,SWIFT,T0000
NF-20251109-F19CC8A7,ATM-KTM-008,1.0,CRITICAL,SWIFT,T0000
NF-20250512-9D5B0096,WS-PKR-043,1.0,CRITICAL,SWIFT,T0000
NF-20251101-B9952D0B,WS-KTM-044,1.0,CRITICAL,SWIFT,T0000
NF-20260220-3C522D03,ATM-PKR-016,1.0,CRITICAL,SWIFT,T0000
,ATM-LTP-017,1.0,CRITICAL,SWIFT,
NF-20250809-8AEFF752,WS-BTW-034,1.0,CRITICAL,SWIFT,T0000
NF-20260208-3C341122,WS-KTM-024,1.0,CRITICAL,SWIFT,T0000
NF-20250530-061A4EF8,WS-KTM-014,1.0,CRITICAL,SWIFT,T0000
NF-20250709-D2EE78EC,ATM-PKR-013,1.0,CRITICAL,SWIFT,T0000
NF-20251125-56560278,ATM-LTP-016,1.0,CRITICAL,SWIFT,T0000
NF-20260129-F6234795,WS-BTW-038,1.0,CRITICAL,SWIFT,T0000
NF-20250418-6FA67C41,WS-BTW-006,1.0,CRITICAL,SWIFT,T0000
NF-20260508-69352F46,WS-KTM-015,1.0,CRITICAL,SWIFT,T0000
NF-20251125-8C757ADD,ATM-LTP-003,1.0,CRITICAL,SWIFT,T0000
NF-20260520-FF1F91F9,WS-BTW-028,1.0,CRITICAL,SWIFT,T0000
NF-20260226-73EA9E79,SRV-DC-02,1.0,CRITICAL,SWIFT,T0000
NF-20250428-BB901622,WS-PKR-047,1.0,CRITICAL,SWIFT,T0000
NF-20260507-0495B89C,WS-PKR-039,1.0,CRITICAL,SWIFT,T0000
NF-20250305-1529DEB2,WS-BTW-022,1.0,CRITICAL,SWIFT,T0000
NF-20260518-8ECAE200,WS-KTM-038,1.0,CRITICAL,SWIFT,T0000
NF-20260313-FC365BC1,WS-KTM-026,1.0,CRITICAL,SWIFT,T0000
NF-20250516-ED43577F,WS-KTM-049,1.0,CRITICAL,SWIFT,T0000
NF-20260201-00B721FB,ATM-LTP-015,1.0,CRITICAL,SWIFT,T0000
NF-20250518-7657DE7F,WS-BTW-035,1.0,CRITICAL,SWIFT,T0000
NF-20250109-F727C066,WS-PKR-009,1.0,CRITICAL,SWIFT,T0000
NF-20250921-6A848B61,ATM-KTM-015,1.0,CRITICAL,SWIFT,T0000
NF-20250103-0F082D6A,SRV-APP-05,1.0,CRITICAL,SWIFT,T0000
NF-20250205-F73055B1,ATM-BTW-013,1.0,CRITICAL,SWIFT,T0000
NF-20250413-F36F1A6F,WS-BTW-033,1.0,CRITICAL,SWIFT,T0000
NF-20250811-5D687EFA,ATM-PKR-002,0.94512,CRITICAL,SWIFT,T0000
NF-20251228-498F82B5,ATM-PKR-015,1.0,CRITICAL,SWIFT,T0000
NF-20250707-E21B419D,WS-KTM-032,1.0,CRITICAL,SWIFT,T0000
NF-20250712-002347AD,ATM-KTM-002,1.0,CRITICAL,SWIFT,T0000
NF-20250706-07158A1D,WS-KTM-033,1.0,CRITICAL,SWIFT,T0000
NF-20250817-D20EEE41,ATM-BTW-020,1.0,CRITICAL,SWIFT,T0000
NF-20260125-26C51B9A,ATM-KTM-016,1.0,CRITICAL,SWIFT,T0000
NF-20250526-DD745CE9,WS-BTW-029,1.0,CRITICAL,SWIFT,T0000
NF-20260427-CCAB95D4,WS-PKR-014,1.0,CRITICAL,SWIFT,T0000
NF-20250123-2FFC7960,ATM-BTW-012,1.0,CRITICAL,SWIFT,T0000
NF-20260204-1CF2FAFE,WS-BTW-015,1.0,CRITICAL,SWIFT,T0000
NF-20260321-EB63A0B4,WS-KTM-043,1.0,CRITICAL,SWIFT,T0000
NF-20251209-F76B9C8D,WS-PKR-001,1.0,CRITICAL,SWIFT,T0000
NF-20260106-F31DC03E,ATM-BTW-004,1.0,CRITICAL,SWIFT,T0000
NF-20260407-38A69DA3,WS-BTW-026,1.0,CRITICAL,SWIFT,T0000
NF-20250112-B6CE0E6D,ATM-PKR-012,1.0,CRITICAL,SWIFT,T0000
NF-20260312-D47C23E0,SRV-SQL-01,1.0,CRITICAL,SWIFT,T0000
NF-20251105-352F5EC5,ATM-LTP-001,1.0,CRITICAL,SWIFT,T0000
NF-20251007-6790BA1F,SRV-DC-05,1.0,CRITICAL,SWIFT,T0000
NF-20250320-0076E386,WS-PKR-044,1.0,CRITICAL,SWIFT,T0000
NF-20250910-1F87F02F,ATM-KTM-013,1.0,CRITICAL,SWIFT,T0000
NF-20260521-D907292D,WS-PKR-012,1.0,CRITICAL,SWIFT,T0000
NF-20250917-9F43433D,WS-KTM-035,1.0,CRITICAL,SWIFT,T0000
NF-20260311-D08D653D,WS-KTM-042,1.0,CRITICAL,SWIFT,T0000
NF-20260531-9B5F206A,WS-KTM-023,1.0,CRITICAL,SWIFT,T0000
NF-20250813-8000D391,WS-BTW-039,1.0,CRITICAL,SWIFT,T0000
NF-20250620-329C2A48,ATM-KTM-012,1.0,CRITICAL,SWIFT,T0000
NF-20250309-EE55D0F8,WS-BTW-040,1.0,CRITICAL,SWIFT,T0000
NF-20251208-7336EC79,WS-PKR-049,1.0,CRITICAL,SWIFT,T0000
NF-20260209-4D6435AA,SRV-DC-04,1.0,CRITICAL,SWIFT,T0000
NF-20260109-7C872000,WS-BTW-041,1.0,CRITICAL,SWIFT,T0000
NF-20250215-CDA39B38,WS-PKR-020,1.0,CRITICAL,SWIFT,T0000
NF-20250726-53CC2661,WS-KTM-021,1.0,CRITICAL,SWIFT,T0000
NF-20251231-8FC3F43A,ATM-KTM-011,1.0,CRITICAL,SWIFT,T0000
NF-20250125-8D4D5489,WS-PKR-036,1.0,CRITICAL,SWIFT,T0000
NF-20250918-C05A8650,WS-PKR-028,1.0,CRITICAL,SWIFT,T0000
NF-20250307-52DD0114,SRV-PROXY-02,1.0,CRITICAL,SWIFT,T0000
NF-20260414-BB223231,WS-KTM-005,1.0,CRITICAL,SWIFT,T0000
NF-20250627-672E115A,SRV-FILE-03,1.0,CRITICAL,SWIFT,T0000
NF-20260516-418214DB,WS-PKR-029,1.0,CRITICAL,SWIFT,T0000
NF-20250209-CF25CB7D,SRV-DC-01,1.0,CRITICAL,SWIFT,T0000
NF-20251231-3EEA4884,ATM-KTM-019,1.0,CRITICAL,SWIFT,T0000
NF-20260125-EF6CEFAB,ATM-LTP-013,1.0,CRITICAL,SWIFT,T0000
NF-20260305-0D150857,WS-KTM-012,1.0,CRITICAL,SWIFT,T0000
NF-20260524-6FAE2555,WS-BTW-042,1.0,CRITICAL,SWIFT,T0000
NF-20260204-7B273213,WS-KTM-019,1.0,CRITICAL,SWIFT,T0000
NF-20250122-1B079DE8,ATM-LTP-006,1.0,CRITICAL,SWIFT,T0000
NF-20250712-D252C160,ATM-PKR-004,1.0,CRITICAL,SWIFT,T0000
NF-20250528-651E6C45,SRV-PROXY-01,1.0,CRITICAL,SWIFT,T0000
NF-20251030-152079AC,WS-PKR-048,1.0,CRITICAL,SWIFT,T0000
NF-20251208-3F721976,WS-BTW-014,1.0,CRITICAL,SWIFT,T0000
NF-20250730-E9B22456,WS-PKR-025,1.0,CRITICAL,SWIFT,T0000
NF-20250930-0D84B713,WS-KTM-017,1.0,CRITICAL,SWIFT,T0000
NF-20260518-08F5DBAB,WS-KTM-013,1.0,CRITICAL,SWIFT,T0000
NF-20260405-0F921745,WS-KTM-031,1.0,CRITICAL,SWIFT,T0000
NF-20260130-DF032531,SRV-FILE-04,1.0,CRITICAL,SWIFT,T0000
NF-20260416-7AE7C958,WS-KTM-029,1.0,CRITICAL,SWIFT,T0000
,WS-BTW-019,1.0,CRITICAL,SWIFT,
NF-20250521-D31CDCD3,WS-KTM-009,1.0,CRITICAL,SWIFT,T0000
NF-20251215-FB4846C2,WS-PKR-010,1.0,CRITICAL,SWIFT,T0000
NF-20260206-0D1FD9E9,WS-KTM-007,1.0,CRITICAL,SWIFT,T0000
NF-20250620-14C2602F,ATM-BTW-016,1.0,CRITICAL,SWIFT,T0000
NF-20260121-41A772DA,WS-PKR-007,1.0,CRITICAL,SWIFT,T0000
NF-20260531-275DF4F1,SRV-FILE-05,1.0,CRITICAL,SWIFT,T0000
NF-20251002-90C2B616,WS-BTW-027,1.0,CRITICAL,SWIFT,T0000
NF-20250521-2F18607E,WS-PKR-002,1.0,CRITICAL,SWIFT,T0000
,WS-BTW-008,1.0,CRITICAL,SWIFT,
NF-20250311-E2201260,WS-PKR-018,1.0,CRITICAL,SWIFT,T0000
NF-20250501-A0E50ECB,ATM-KTM-006,1.0,CRITICAL,SWIFT,T0000
NF-20250509-CB9236D8,WS-PKR-041,1.0,CRITICAL,SWIFT,T0000
NF-20260114-16D442A8,WS-BTW-020,1.0,CRITICAL,SWIFT,T0000
NF-20260512-3FEF58F0,ATM-LTP-005,1.0,CRITICAL,SWIFT,T0000
NF-20250103-0AFE5C3A,WS-PKR-050,1.0,CRITICAL,SWIFT,T0000
NF-20251213-0AB93E2D,ATM-KTM-007,1.0,CRITICAL,SWIFT,T0000
NF-20260218-1A3C6A70,WS-BTW-024,1.0,CRITICAL,SWIFT,T0000
NF-20251104-1EA9B6C0,WS-BTW-031,1.0,CRITICAL,SWIFT,T0000
NF-20260305-6A4E3603,WS-BTW-005,1.0,CRITICAL,SWIFT,T0000
NF-20260326-BE5AB7F4,SRV-APP-02,1.0,CRITICAL,SWIFT,T0000
,ATM-KTM-017,1.0,CRITICAL,SWIFT,
NF-20250709-B309A690,WS-KTM-016,1.0,CRITICAL,SWIFT,T0000
NF-20260113-13126EBC,WS-KTM-027,1.0,CRITICAL,SWIFT,T0000
NF-20260127-FF599BAA,WS-KTM-046,1.0,CRITICAL,SWIFT,T0000
NF-20260403-85CFA2FA,WS-BTW-023,1.0,CRITICAL,SWIFT,T0000
NF-20251126-8014AD2F,SRV-PROXY-04,1.0,CRITICAL,SWIFT,T0000
NF-20250531-7A9E872E,WS-KTM-030,1.0,CRITICAL,SWIFT,T0000
NF-20260328-D8C4750A,WS-BTW-032,1.0,CRITICAL,SWIFT,T0000
,ATM-BTW-011,1.0,CRITICAL,SWIFT,
NF-20260101-6FEE6FB0,ATM-LTP-002,1.0,CRITICAL,SWIFT,T0000
NF-20250504-0022C5C6,ATM-BTW-018,1.0,CRITICAL,SWIFT,T0000
NF-20251119-9B9C3BC1,WS-BTW-037,1.0,CRITICAL,SWIFT,T0000
NF-20250719-53C58F29,WS-PKR-003,1.0,CRITICAL,SWIFT,T0000
NF-20260405-C88EBCC3,WS-BTW-016,1.0,CRITICAL,SWIFT,T0000
NF-20250428-A248D845,WS-PKR-035,1.0,CRITICAL,SWIFT,T0000
NF-20250731-C38C6222,WS-KTM-045,1.0,CRITICAL,SWIFT,T0000
NF-20250305-60AC8F29,WS-KTM-022,1.0,CRITICAL,SWIFT,T0000
NF-20250429-1678DE79,ATM-LTP-020,1.0,CRITICAL,SWIFT,T0000
NF-20250705-E9DFFEE5,SRV-SQL-04,1.0,CRITICAL,SWIFT,T0000
NF-20260406-7F4399E7,WS-KTM-025,1.0,CRITICAL,SWIFT,T0000
NF-20250813-DB34BD66,ATM-BTW-019,1.0,CRITICAL,SWIFT,T0000
NF-20260223-9BADA449,ATM-KTM-004,1.0,CRITICAL,SWIFT,T0000
NF-20250902-F3958386,WS-BTW-044,1.0,CRITICAL,SWIFT,T0000
NF-20251010-5C2C58DF,ATM-BTW-003,1.0,CRITICAL,SWIFT,T0000
NF-20250125-ECC88D8A,WS-PKR-017,1.0,CRITICAL,SWIFT,T0000
NF-20250114-5484951F,ATM-BTW-007,1.0,CRITICAL,SWIFT,T0000
NF-20250520-042AFF42,SRV-DC-03,1.0,CRITICAL,SWIFT,T0000
NF-20250309-52CC9AB7,WS-BTW-050,1.0,CRITICAL,SWIFT,T0000
NF-20250102-E7458698,ATM-BTW-017,1.0,CRITICAL,SWIFT,T0000
NF-20250807-17EA0196,ATM-LTP-014,1.0,CRITICAL,SWIFT,T0000
NF-20250419-92B15961,SRV-SQL-02,1.0,CRITICAL,SWIFT,T0000
NF-20251001-2040D02A,WS-PKR-038,1.0,CRITICAL,SWIFT,T0000
NF-20250408-59E45B5B,ATM-KTM-009,1.0,CRITICAL,SWIFT,T0000
NF-20250222-04ECF2D9,WS-KTM-039,1.0,CRITICAL,SWIFT,T0000
NF-20250521-316C3050,WS-PKR-008,1.0,CRITICAL,SWIFT,T0000
NF-20250912-A5B696E8,SRV-FILE-01,1.0,CRITICAL,SWIFT,T0000
NF-20251030-09792621,ATM-PKR-014,1.0,CRITICAL,SWIFT,T0000
NF-20250807-467D2EFB,WS-KTM-011,1.0,CRITICAL,SWIFT,T0000
NF-20250603-C1B567C5,ATM-BTW-006,1.0,CRITICAL,SWIFT,T0000
NF-20251201-3B8299C5,ATM-BTW-005,1.0,CRITICAL,SWIFT,T0000
,ATM-BTW-014,1.0,CRITICAL,SWIFT,
,SRV-PROXY-05,1.0,CRITICAL,SWIFT,
NF-20250106-71AA092C,WS-BTW-007,1.0,CRITICAL,SWIFT,T0000
NF-20250519-64F5294A,WS-BTW-011,1.0,CRITICAL,SWIFT,T0000
NF-20251014-8961C18E,ATM-BTW-001,1.0,CRITICAL,SWIFT,T0000
NF-20260226-628261CC,WS-PKR-032,1.0,CRITICAL,SWIFT,T0000
NF-20251205-13D25955,ATM-KTM-010,1.0,CRITICAL,SWIFT,T0000
NF-20250202-1EFF0395,WS-PKR-033,1.0,CRITICAL,SWIFT,T0000
NF-20251009-A9ED75A2,WS-BTW-043,1.0,CRITICAL,SWIFT,T0000
NF-20260101-F4DBBB6D,ATM-PKR-001,1.0,CRITICAL,SWIFT,T0000
NF-20260420-F18FCD45,ATM-PKR-018,1.0,CRITICAL,SWIFT,T0000
NF-20250328-B3D7A887,ATM-PKR-010,1.0,CRITICAL,SWIFT,T0000
NF-20250621-09CCF072,WS-KTM-037,1.0,CRITICAL,SWIFT,T0000
NF-20250507-FED5A467,WS-KTM-020,1.0,CRITICAL,SWIFT,T0000
NF-20250502-65478D45,WS-PKR-021,1.0,CRITICAL,SWIFT,T0000
NF-20250222-34DD7497,WS-KTM-004,1.0,CRITICAL,SWIFT,T0000
NF-20250924-FD523805,WS-PKR-019,1.0,CRITICAL,SWIFT,T0000
NF-20260408-DAEE194F,WS-BTW-012,1.0,CRITICAL,SWIFT,T0000
NF-20250501-FDB6334F,WS-KTM-010,1.0,CRITICAL,SWIFT,T0000
NF-20260226-172A67F0,ATM-LTP-018,1.0,CRITICAL,SWIFT,T0000
NF-20250214-5C44446F,WS-KTM-008,1.0,CRITICAL,SWIFT,T0000
NF-20260402-B45EC66C,ATM-PKR-007,1.0,CRITICAL,SWIFT,T0000
NF-20250429-534C5A86,WS-PKR-046,1.0,CRITICAL,SWIFT,T0000
NF-20250817-1053ADBC,WS-PKR-005,1.0,CRITICAL,SWIFT,T0000
,ATM-LTP-019,1.0,CRITICAL,SWIFT,
NF-20260407-2FE67309,ATM-BTW-002,1.0,CRITICAL,SWIFT,T0000
NF-20250625-3107A52A,WS-BTW-021,1.0,CRITICAL,SWIFT,T0000
NF-20260307-95D76267,ATM-KTM-020,1.0,CRITICAL,SWIFT,T0000
,WS-PKR-004,1.0,CRITICAL,SWIFT,
NF-20250602-7703E724,WS-KTM-048,1.0,CRITICAL,SWIFT,T0000
NF-20250801-230E6B06,ATM-LTP-007,1.0,CRITICAL,SWIFT,T0000
,WS-BTW-018,1.0,CRITICAL,SWIFT,
NF-20250804-E7A10444,ATM-BTW-009,1.0,CRITICAL,SWIFT,T0000
NF-20250615-44676F96,ATM-PKR-009,1.0,CRITICAL,SWIFT,T0000
NF-20260310-8FC92442,SRV-APP-01,1.0,CRITICAL,SWIFT,T0000
NF-20250718-5C32AF09,ATM-KTM-018,1.0,CRITICAL,SWIFT,T0000
NF-20250202-3BB1A14C,SRV-PROXY-03,1.0,CRITICAL,SWIFT,T0000
NF-20250626-485F4701,WS-BTW-045,1.0,CRITICAL,SWIFT,T0000
NF-20250831-78AFE525,ATM-LTP-004,1.0,CRITICAL,SWIFT,T0000
NF-20250530-6B9E890F,WS-PKR-016,1.0,CRITICAL,SWIFT,T0000
NF-20250310-F5C6F233,WS-KTM-034,1.0,CRITICAL,SWIFT,T0000
NF-20260105-3749FE12,WS-PKR-042,1.0,CRITICAL,SWIFT,T0000
NF-20260202-FA88E08B,ATM-LTP-010,1.0,CRITICAL,SWIFT,T0000
NF-20260106-4D00BA60,WS-BTW-025,1.0,CRITICAL,SWIFT,T0000
NF-20251202-317B420C,WS-KTM-047,1.0,CRITICAL,SWIFT,T0000
NF-20251125-CDD382DC,WS-PKR-027,1.0,CRITICAL,SWIFT,T0000
NF-20250902-7086DD59,WS-KTM-003,1.0,CRITICAL,SWIFT,T0000
NF-20250105-3EB9D6AF,WS-KTM-006,1.0,CRITICAL,SWIFT,T0000
NF-20250930-A9120B1A,ATM-PKR-008,1.0,CRITICAL,SWIFT,T0000
NF-20260413-6250E656,WS-BTW-017,1.0,CRITICAL,SWIFT,T0000
NF-20260531-4B2478D0,WS-KTM-036,1.0,CRITICAL,SWIFT,T0000
NF-20251025-E6399C7C,WS-PKR-006,1.0,CRITICAL,SWIFT,T0000
NF-20250826-22E7C38A,10.40.0.252,1.0,CRITICAL,SWIFT,T0000
NF-20250125-52C07669,192.168.1.141,1.0,CRITICAL,SWIFT,T0000
NF-20260119-142CBEA8,192.168.2.200,1.0,CRITICAL,SWIFT,T0000
NF-20250121-DF382786,192.168.1.29,1.0,CRITICAL,SWIFT,T0000
,10.40.1.130,1.0,CRITICAL,SWIFT,
NF-20250403-7B984C70,10.10.3.212,1.0,CRITICAL,SWIFT,T0000
NF-20260520-06C737D6,10.20.0.178,1.0,CRITICAL,SWIFT,T0000
NF-20250325-11C820D1,192.168.1.253,1.0,CRITICAL,SWIFT,T0000
NF-20250622-4DC04136,10.10.2.107,1.0,CRITICAL,SWIFT,T0000
NF-20260521-274DE830,10.30.2.32,1.0,CRITICAL,SWIFT,T0000
NF-20251211-A8443440,172.16.0.253,1.0,CRITICAL,SWIFT,T0000
NF-20260421-819DF9E0,192.168.1.167,1.0,CRITICAL,SWIFT,T0000
NF-20260315-EFDAB986,10.40.1.168,1.0,CRITICAL,SWIFT,T0000
NF-20260204-2E857F0E,192.168.2.110,1.0,CRITICAL,SWIFT,T0000
NF-20260211-7BCF3B7D,10.20.0.13,1.0,CRITICAL,SWIFT,T0000
NF-20260225-7F2DFC0D,10.30.2.10,1.0,CRITICAL,SWIFT,T0000
NF-20260427-AC3C6522,10.10.3.46,1.0,CRITICAL,SWIFT,T0000
NF-20260109-E7AF2C03,10.40.0.227,1.0,CRITICAL,SWIFT,T0000
NF-20260327-F3A306CE,10.40.1.11,1.0,CRITICAL,SWIFT,T0000
,10.10.3.239,1.0,CRITICAL,SWIFT,
NF-20251207-9E3DDF5A,10.40.1.13,1.0,CRITICAL,SWIFT,T0000
NF-20250610-8D03F58B,10.20.0.114,1.0,CRITICAL,SWIFT,T0000
NF-20250728-FFD02107,10.40.1.207,1.0,CRITICAL,SWIFT,T0000
NF-20260519-26345B5E,10.30.2.43,1.0,CRITICAL,SWIFT,T0000
NF-20250524-24A8FCE2,192.168.2.241,1.0,CRITICAL,SWIFT,T0000
NF-20250901-50D6408F,10.40.0.86,1.0,CRITICAL,SWIFT,T0000
NF-20260204-A1BBBC2F,10.40.1.15,1.0,CRITICAL,SWIFT,T0000
NF-20251208-F2DB0682,10.20.0.18,1.0,CRITICAL,SWIFT,T0000
NF-20251121-905B9BE5,10.40.1.68,1.0,CRITICAL,SWIFT,T0000
NF-20251217-5F8B53BA,192.168.2.77,1.0,CRITICAL,SWIFT,T0000
NF-20260107-8F28749E,192.168.1.179,1.0,CRITICAL,SWIFT,T0000
NF-20250926-B1D3A95D,10.10.1.212,1.0,CRITICAL,SWIFT,T0000
NF-20250102-8AEECFFF,192.168.2.111,1.0,CRITICAL,SWIFT,T0000
NF-20250829-3C1A61BC,10.20.0.110,1.0,CRITICAL,SWIFT,T0000
NF-20260131-B306050D,10.40.1.107,1.0,CRITICAL,SWIFT,T0000
NF-20260405-3EA4A48B,172.16.0.19,1.0,CRITICAL,SWIFT,T0000
NF-20250901-323A5768,10.10.3.29,1.0,CRITICAL,SWIFT,T0000
NF-20250430-504E3235,10.10.1.248,1.0,CRITICAL,SWIFT,T0000
NF-20260130-AD5DF8DD,8.8.8.72,1.0,CRITICAL,SWIFT,T0000
NF-20250111-8D96638C,94.102.49.240,1.0,CRITICAL,SWIFT,T0000
NF-20251202-A860BEC0,10.40.1.74,1.0,CRITICAL,SWIFT,T0000
NF-20250921-187B8332,10.30.2.108,1.0,CRITICAL,SWIFT,T0000
NF-20250223-2F39B094,10.20.0.12,1.0,CRITICAL,SWIFT,T0000
NF-20260110-3FDB5370,10.30.2.115,1.0,CRITICAL,SWIFT,T0000
NF-20250102-0EBBE564,10.20.0.49,1.0,CRITICAL,SWIFT,T0000
NF-20250316-83692923,1.1.1.31,1.0,CRITICAL,SWIFT,T0000
NF-20250129-ACBFE8AE,10.10.1.47,1.0,CRITICAL,SWIFT,T0000
,192.168.1.182,1.0,CRITICAL,SWIFT,
NF-20251026-D2DA9442,10.10.3.31,1.0,CRITICAL,SWIFT,T0000
,10.10.1.58,1.0,CRITICAL,SWIFT,
NF-20251007-8004D560,10.10.2.224,1.0,CRITICAL,SWIFT,T0000
,192.168.1.216,1.0,CRITICAL,SWIFT,
NF-20250911-2C69987F,45.142.212.178,1.0,CRITICAL,SWIFT,T0000
NF-20250314-CD6F6466,10.20.0.8,1.0,CRITICAL,SWIFT,T0000
NF-20250917-51F0289E,10.10.3.57,1.0,CRITICAL,SWIFT,T0000
NF-20250223-1940C342,10.10.2.184,1.0,CRITICAL,SWIFT,T0000
NF-20250622-8FA59631,10.10.3.202,1.0,CRITICAL,SWIFT,T0000
NF-20260527-457ED7A2,10.10.1.150,1.0,CRITICAL,SWIFT,T0000
,10.10.1.50,1.0,CRITICAL,SWIFT,
NF-20260110-9A0941D9,10.30.2.29,1.0,CRITICAL,SWIFT,T0000
NF-20250723-1BEC39EF,10.20.0.109,1.0,CRITICAL,SWIFT,T0000
NF-20250718-FB73FA59,10.30.1.234,1.0,CRITICAL,SWIFT,T0000
NF-20250913-E33F7E70,10.10.1.187,1.0,CRITICAL,SWIFT,T0000
NF-20250727-392FE9B9,10.30.1.211,1.0,CRITICAL,SWIFT,T0000
NF-20250805-6F7FCE63,10.40.0.233,1.0,CRITICAL,SWIFT,T0000
NF-20250401-8F08814D,10.40.0.77,1.0,CRITICAL,SWIFT,T0000
NF-20250804-76B8A2D6,10.20.0.61,1.0,CRITICAL,SWIFT,T0000
,10.10.3.187,1.0,CRITICAL,SWIFT,
NF-20260228-431501BB,10.10.3.206,1.0,CRITICAL,SWIFT,T0000
,192.168.2.86,1.0,CRITICAL,SWIFT,
NF-20250725-7343BB0C,10.10.1.223,1.0,CRITICAL,SWIFT,T0000
NF-20251226-15C039FA,192.168.2.227,1.0,CRITICAL,SWIFT,T0000
NF-20260403-33205A2B,10.30.2.102,1.0,CRITICAL,SWIFT,T0000
NF-20260323-FBFD1FD5,10.10.1.78,1.0,CRITICAL,SWIFT,T0000
NF-20250409-210FFD9B,10.10.3.196,1.0,CRITICAL,SWIFT,T0000
NF-20250318-EFEDF05F,10.30.1.218,1.0,CRITICAL,SWIFT,T0000
NF-20250715-F416D3B0,10.20.0.239,1.0,CRITICAL,SWIFT,T0000
NF-20260104-8BBAA26B,172.16.0.183,1.0,CRITICAL,SWIFT,T0000
NF-20250727-047297D9,10.10.3.135,1.0,CRITICAL,SWIFT,T0000
NF-20251030-2847F0E2,10.10.3.64,1.0,CRITICAL,SWIFT,T0000
NF-20250425-1B650F65,10.40.0.149,1.0,CRITICAL,SWIFT,T0000
NF-20251024-5E0F6C48,10.40.1.8,1.0,CRITICAL,SWIFT,T0000
NF-20250608-A2D41E2E,10.30.1.195,1.0,CRITICAL,SWIFT,T0000
NF-20251030-A0B9E411,10.20.0.73,1.0,CRITICAL,SWIFT,T0000
NF-20250731-E5F2169E,10.30.2.212,1.0,CRITICAL,SWIFT,T0000
,10.30.1.135,1.0,CRITICAL,SWIFT,
,10.10.1.100,1.0,CRITICAL,SWIFT,
NF-20250705-D4AF005D,10.30.2.166,1.0,CRITICAL,SWIFT,T0000
NF-20260504-C69338AB,10.30.1.243,1.0,CRITICAL,SWIFT,T0000
NF-20251202-05C07B10,192.168.2.105,1.0,CRITICAL,SWIFT,T0000
NF-20260104-CDCCFAD2,10.10.3.207,1.0,CRITICAL,SWIFT,T0000
,192.168.2.131,1.0,CRITICAL,SWIFT,
NF-20251209-35D5B9BF,91.108.56.198,0.857032,HIGH,SWIFT,T0000
NF-20250307-A48340E1,192.168.1.222,1.0,CRITICAL,SWIFT,T0000
NF-20250129-281FB622,10.40.0.31,1.0,CRITICAL,SWIFT,T0000
NF-20250627-93B389AA,10.40.1.140,1.0,CRITICAL,SWIFT,T0000
NF-20251008-F147C986,10.30.2.69,1.0,CRITICAL,SWIFT,T0000
,10.10.3.122,1.0,CRITICAL,SWIFT,
NF-20251122-18FE0C31,10.40.0.85,1.0,CRITICAL,SWIFT,T0000
NF-20260122-657E6C31,10.30.1.40,1.0,CRITICAL,SWIFT,T0000
NF-20250421-9DF3E3A2,10.10.3.83,1.0,CRITICAL,SWIFT,T0000
,10.10.3.128,1.0,CRITICAL,SWIFT,
NF-20260502-0CB3466E,10.40.0.97,1.0,CRITICAL,SWIFT,T0000
NF-20250614-08262335,192.168.1.33,1.0,CRITICAL,SWIFT,T0000
NF-20250824-B57F4383,10.30.2.250,1.0,CRITICAL,SWIFT,T0000
NF-20250707-5CC734BB,10.10.2.127,1.0,CRITICAL,SWIFT,T0000
NF-20260102-33DAF9FC,192.168.1.165,1.0,CRITICAL,SWIFT,T0000
NF-20250329-295EEB59,10.30.1.193,1.0,CRITICAL,SWIFT,T0000
NF-20251007-94FBF924,10.10.3.22,1.0,CRITICAL,SWIFT,T0000
,192.168.2.217,1.0,CRITICAL,SWIFT,
NF-20250703-257653C2,192.168.2.235,1.0,CRITICAL,SWIFT,T0000
NF-20250309-3960B3A0,10.20.0.167,1.0,CRITICAL,SWIFT,T0000
NF-20250630-29B96200,10.40.1.163,1.0,CRITICAL,SWIFT,T0000
NF-20251001-FC2E8837,10.10.2.19,1.0,CRITICAL,SWIFT,T0000
NF-20251008-3D664682,10.10.2.99,1.0,CRITICAL,SWIFT,T0000
NF-20260223-AA748903,10.10.3.177,1.0,CRITICAL,SWIFT,T0000
NF-20250114-23AA1AE9,10.20.0.2,1.0,CRITICAL,SWIFT,T0000
NF-20251107-74E01F96,10.30.1.175,1.0,CRITICAL,SWIFT,T0000
NF-20260529-B319478C,172.16.0.82,1.0,CRITICAL,SWIFT,T0000
NF-20250205-DE2CFBA8,10.10.3.67,1.0,CRITICAL,SWIFT,T0000
NF-20250914-85EF9FF6,10.30.1.172,1.0,CRITICAL,SWIFT,T0000
NF-20251117-82418267,192.168.1.61,1.0,CRITICAL,SWIFT,T0000
NF-20250814-FA170708,192.168.1.26,1.0,CRITICAL,SWIFT,T0000
NF-20260218-D1CADA95,10.40.1.81,1.0,CRITICAL,SWIFT,T0000
NF-20260525-E93FA1D2,10.10.1.145,1.0,CRITICAL,SWIFT,T0000
NF-20250119-E8FB6C74,192.168.1.27,1.0,CRITICAL,SWIFT,T0000
NF-20251211-AECB6C92,10.20.0.30,1.0,CRITICAL,SWIFT,T0000
NF-20260425-20D49D5A,10.40.1.135,1.0,CRITICAL,SWIFT,T0000
NF-20250721-48D516DC,172.16.0.155,1.0,CRITICAL,SWIFT,T0000
NF-20260407-E0C26B34,10.10.2.172,1.0,CRITICAL,SWIFT,T0000
NF-20251127-E3D21F99,10.40.1.185,1.0,CRITICAL,SWIFT,T0000
NF-20250520-51213C11,10.30.2.110,1.0,CRITICAL,SWIFT,T0000
NF-20250220-66F30CC6,10.10.1.30,1.0,CRITICAL,SWIFT,T0000
NF-20250925-D3738A5D,172.16.0.54,1.0,CRITICAL,SWIFT,T0000
NF-20251013-8B079646,10.10.1.142,1.0,CRITICAL,SWIFT,T0000
NF-20250529-4F7ED3D9,10.40.1.141,1.0,CRITICAL,SWIFT,T0000
,10.10.1.203,1.0,CRITICAL,SWIFT,
NF-20260425-F3EEE327,10.10.2.218,1.0,CRITICAL,SWIFT,T0000
,10.10.3.247,1.0,CRITICAL,SWIFT,
NF-20250103-431E51FA,172.16.0.123,1.0,CRITICAL,SWIFT,T0000
NF-20250111-E574C478,10.30.2.103,1.0,CRITICAL,SWIFT,T0000
NF-20250319-49A90AD0,172.16.0.196,1.0,CRITICAL,SWIFT,T0000
NF-20250531-5A187689,10.10.2.193,1.0,CRITICAL,SWIFT,T0000
NF-20260131-2C59D9CF,10.10.3.78,1.0,CRITICAL,SWIFT,T0000
,10.30.2.243,1.0,CRITICAL,SWIFT,
NF-20260108-4D64D78A,10.10.2.179,1.0,CRITICAL,SWIFT,T0000
NF-20251017-591FA835,172.16.0.225,1.0,CRITICAL,SWIFT,T0000
NF-20250402-D9F8F518,192.168.1.100,1.0,CRITICAL,SWIFT,T0000
NF-20260110-60AF2424,172.16.0.88,1.0,CRITICAL,SWIFT,T0000
NF-20250802-E952CD51,10.40.0.118,1.0,CRITICAL,SWIFT,T0000
NF-20260318-EAC7F14C,10.10.3.121,1.0,CRITICAL,SWIFT,T0000
NF-20251103-53C21124,10.10.2.78,1.0,CRITICAL,SWIFT,T0000
NF-20250127-13E20707,10.20.0.3,1.0,CRITICAL,SWIFT,T0000
NF-20260507-C3514C69,10.10.2.150,1.0,CRITICAL,SWIFT,T0000
NF-20260121-20ADFE6C,192.168.2.98,1.0,CRITICAL,SWIFT,T0000
NF-20250902-E5C5CDCD,10.10.3.36,1.0,CRITICAL,SWIFT,T0000
NF-20250802-1B14D500,94.102.49.222,1.0,CRITICAL,SWIFT,T0000
NF-20260521-58F4B579,10.30.2.46,1.0,CRITICAL,SWIFT,T0000
NF-20250214-F1D128AB,10.40.1.248,1.0,CRITICAL,SWIFT,T0000
NF-20250908-0A25CAF4,10.20.0.62,1.0,CRITICAL,SWIFT,T0000
NF-20251023-6439DA01,10.30.2.44,1.0,CRITICAL,SWIFT,T0000
NF-20250620-0D6DDD2D,10.40.1.230,1.0,CRITICAL,SWIFT,T0000
NF-20250128-B28A3FEF,10.30.1.45,1.0,CRITICAL,SWIFT,T0000
NF-20250430-044BC028,10.40.0.144,1.0,CRITICAL,SWIFT,T0000
NF-20251129-96061445,10.30.1.163,1.0,CRITICAL,SWIFT,T0000
NF-20251102-8084516E,192.168.1.112,1.0,CRITICAL,SWIFT,T0000
NF-20250304-6A9A4634,10.10.3.250,1.0,CRITICAL,SWIFT,T0000
NF-20250417-4E42231D,10.10.3.169,1.0,CRITICAL,SWIFT,T0000
NF-20260423-22354A1F,10.30.1.130,1.0,CRITICAL,SWIFT,T0000
NF-20250908-F6508D49,192.168.2.70,1.0,CRITICAL,SWIFT,T0000
NF-20250807-3025296E,10.10.1.169,1.0,CRITICAL,SWIFT,T0000
NF-20260208-B357882F,192.168.1.3,1.0,CRITICAL,SWIFT,T0000
NF-20260510-A13450A3,10.10.2.250,1.0,CRITICAL,SWIFT,T0000
NF-20250222-98A0FDE3,10.10.2.230,1.0,CRITICAL,SWIFT,T0000
NF-20250919-B6759E45,172.16.0.36,1.0,CRITICAL,SWIFT,T0000
NF-20260117-788C3857,192.168.1.83,1.0,CRITICAL,SWIFT,T0000
,10.20.0.41,1.0,CRITICAL,SWIFT,
NF-20250803-6BD587EA,192.168.1.152,1.0,CRITICAL,SWIFT,T0000
NF-20251204-70335548,10.10.3.115,1.0,CRITICAL,SWIFT,T0000
,10.20.0.111,1.0,CRITICAL,SWIFT,
NF-20250324-0B186810,10.10.2.171,1.0,CRITICAL,SWIFT,T0000
NF-20250306-88A13EE2,192.168.1.116,1.0,CRITICAL,SWIFT,T0000
NF-20251020-38E5751D,10.30.1.101,1.0,CRITICAL,SWIFT,T0000
NF-20260412-3772A8D6,10.30.1.245,1.0,CRITICAL,SWIFT,T0000
NF-20260310-00A82BF8,10.10.2.101,1.0,CRITICAL,SWIFT,T0000
NF-20250420-C17294C7,10.10.2.92,1.0,CRITICAL,SWIFT,T0000
NF-20250719-24BC59A9,10.40.0.79,1.0,CRITICAL,SWIFT,T0000
NF-20250518-3775E4BC,10.30.2.4,1.0,CRITICAL,SWIFT,T0000
NF-20250311-2C7E0551,172.16.0.4,1.0,CRITICAL,SWIFT,T0000
NF-20250715-140B95F3,10.10.3.116,1.0,CRITICAL,SWIFT,T0000
NF-20250805-61EC0078,45.142.212.183,1.0,CRITICAL,SWIFT,T0000
NF-20250116-687B472A,94.102.49.91,1.0,CRITICAL,SWIFT,T0000
NF-20260513-EE94BE79,10.20.0.112,1.0,CRITICAL,SWIFT,T0000
NF-20250911-DAB74EF0,10.10.2.136,1.0,CRITICAL,SWIFT,T0000
NF-20251207-EA1D3F7C,172.16.0.129,1.0,CRITICAL,SWIFT,T0000
NF-20251227-423DA555,10.10.2.129,1.0,CRITICAL,SWIFT,T0000
NF-20260511-32BC096B,10.40.1.16,1.0,CRITICAL,SWIFT,T0000
NF-20250721-1155AA3A,10.20.0.181,1.0,CRITICAL,SWIFT,T0000
,10.40.0.139,1.0,CRITICAL,SWIFT,
NF-20250101-4ABA3B9F,94.102.49.208,1.0,CRITICAL,SWIFT,T0000
NF-20260511-54EBD149,10.10.2.102,1.0,CRITICAL,SWIFT,T0000
NF-20250417-338058F3,10.10.2.10,1.0,CRITICAL,SWIFT,T0000
NF-20250303-9F1B9F5C,10.30.2.202,1.0,CRITICAL,SWIFT,T0000
NF-20250808-6415C6F9,10.10.3.91,1.0,CRITICAL,SWIFT,T0000
NF-20251114-2665CA2D,10.10.1.109,1.0,CRITICAL,SWIFT,T0000
NF-20260124-86434DF7,10.30.2.130,1.0,CRITICAL,SWIFT,T0000
NF-20260429-24CCFEC9,192.168.2.176,1.0,CRITICAL,SWIFT,T0000
NF-20250604-1B8BB91B,10.10.3.109,1.0,CRITICAL,SWIFT,T0000
NF-20260105-2D3461A2,10.40.0.115,1.0,CRITICAL,SWIFT,T0000
NF-20260407-7F10E255,10.10.1.84,1.0,CRITICAL,SWIFT,T0000
NF-20251003-FCC982E2,192.168.1.201,1.0,CRITICAL,SWIFT,T0000
NF-20250107-1AEC6610,10.10.1.107,1.0,CRITICAL,SWIFT,T0000
NF-20250925-A7572F18,172.16.0.78,1.0,CRITICAL,SWIFT,T0000
NF-20260207-4CBBB90E,10.20.0.231,1.0,CRITICAL,SWIFT,T0000
NF-20250107-748A3B3B,91.108.56.30,1.0,CRITICAL,SWIFT,T0000
NF-20251029-94F24F4A,10.10.2.241,1.0,CRITICAL,SWIFT,T0000
NF-20251212-DAFC0DC9,10.40.1.173,1.0,CRITICAL,SWIFT,T0000
NF-20250116-20177767,10.30.2.251,1.0,CRITICAL,SWIFT,T0000
NF-20250302-D2D0EA19,10.30.1.48,1.0,CRITICAL,SWIFT,T0000
NF-20250306-FEFD7FCC,172.16.0.209,1.0,CRITICAL,SWIFT,T0000
NF-20250517-45011E33,10.30.1.254,1.0,CRITICAL,SWIFT,T0000
NF-20260328-EBA91573,10.10.2.166,1.0,CRITICAL,SWIFT,T0000
NF-20251121-81E88B0A,10.10.2.232,1.0,CRITICAL,SWIFT,T0000
NF-20251108-6A4779EC,192.168.2.170,1.0,CRITICAL,SWIFT,T0000
NF-20251210-4C8E29BE,10.10.2.169,1.0,CRITICAL,SWIFT,T0000
NF-20250721-723E1DC8,10.10.3.51,1.0,CRITICAL,SWIFT,T0000
NF-20250914-FA5EB96D,10.10.3.65,1.0,CRITICAL,SWIFT,T0000
NF-20250905-0BE7BF72,10.10.3.179,1.0,CRITICAL,SWIFT,T0000
NF-20260224-3E535594,10.30.1.253,1.0,CRITICAL,SWIFT,T0000
NF-20250316-A81BFE29,10.30.2.18,1.0,CRITICAL,SWIFT,T0000
NF-20250226-F9D17FED,172.16.0.77,1.0,CRITICAL,SWIFT,T0000
NF-20250517-69E577B7,10.10.2.52,1.0,CRITICAL,SWIFT,T0000
NF-20251222-961D5502,192.168.1.143,1.0,CRITICAL,SWIFT,T0000
NF-20250307-0FB72E88,10.10.2.112,1.0,CRITICAL,SWIFT,T0000
NF-20251125-61E773FB,192.168.2.59,1.0,CRITICAL,SWIFT,T0000
NF-20250411-84505B57,8.8.8.94,1.0,CRITICAL,SWIFT,T0000
NF-20250613-5DD72B75,10.10.3.163,1.0,CRITICAL,SWIFT,T0000
NF-20260410-BECC62A1,10.40.1.125,1.0,CRITICAL,SWIFT,T0000
NF-20250306-4A3730B0,172.16.0.172,1.0,CRITICAL,SWIFT,T0000
NF-20260411-73F0C784,172.16.0.11,1.0,CRITICAL,SWIFT,T0000
NF-20251124-44525685,10.10.1.194,1.0,CRITICAL,SWIFT,T0000
NF-20250724-3D5D02E6,10.40.1.41,1.0,CRITICAL,SWIFT,T0000
